<?xml version="1.0" encoding="UTF-8"?>
<!DOCTYPE mapper PUBLIC "-//mybatis.org//DTD Mapper 3.0//EN" 
	"http://mybatis.org/dtd/mybatis-3-mapper.dtd">

<mapper namespace="com.ssafy.enjoytrip.general.model.mapper.BoardMapper">
	<resultMap type="boardDto" id="board">
		<result column="id" property="id"/>
		<result column="user_id" property="userId"/>
        <result column="nickname" property="nickname"/>
		<result column="subject" property="subject"/>
		<result column="content" property="content"/>
		<result column="hit" property="hit"/>
		<result column="likes" property="likes"/>
		<result column="register_time" property="registerTime"/>
	</resultMap>
	
	<!-- 게시글 작성 -->
	<insert id="writeArticle" parameterType="boardDto">
		insert into Board (`user_id`, `subject`, `content`)
		values(#{userId}, #{subject}, #{content})
	</insert>
	
	<!-- 게시글 전체 조회 -->
	<select id="listArticle" parameterType="string" resultMap="board">
		select `id`, `nickname`, `subject`, `content`, `hit`, `likes`,
				case when date_format(b.register_time, '%Y%m%d') = date_format(now(), '%Y%m%d')
				then date_format(b.register_time, '%H:%i:%s')
				else date_format(b.register_time, '%y.%m.%d')
				end `register_time`
		from board b join `user` u on b.user_id = u.user_id
		<if test="word != null and word != ''">
			<!-- <if test="key == 'subject'">
				where subject like concat('%', #{word}, '%')
			</if>
			<if test="key != 'subject'"> -->
				where ${key} like concat('%', #{word}, '%')
			<!-- </if> -->
		</if>
		order by `id` desc
		<!-- limit #{start}, #{spp} -->
	</select>
	
	<!-- 게시글 조회  -->
	<select id="getArticle" resultMap="board">
		select `id`, b.user_id user_id, `nickname`, `subject`, `content`, `hit`, `likes`,
				case when date_format(b.register_time, '%Y%m%d') = date_format(now(), '%Y%m%d')
				then date_format(b.register_time, '%H:%i:%s')
				else date_format(b.register_time, '%y.%m.%d')
				end `register_time`
		from Board b join `user` u on b.user_id = u.user_id
		where `id`=#{id}
	</select>
	
	<!-- 게시글 수정 -->
	<update id="modifyArticle" parameterType="boardDto">
		update Board
		set `subject`=#{subject}, `content`=#{content}
		where `id`=#{id} and `user_id`=#{userId}
	</update>
	
	<!-- 조회수 증가 수정 -->
	<update id="updateHit" parameterType="int">
		update Board
		set hit = hit + 1
		where id=#{id}
	</update>
	
	<!-- 게시글 삭제 -->
	<delete id="deleteArticle" parameterType="int">
		delete from Board
		where id=#{id}
	</delete>
	
	<select id="getBannedWordList" resultType="string">
		select word
		from banned
	</select>
	
	<!-- 좋아요 클릭 -->
	<insert id="upLikes" parameterType="map">
		insert into Likes
		values(#{id}, #{userId})
	</insert>
	
	<!-- 좋아요 수 출력 -->
	<select id="getLikes" parameterType="map" resultType="int">
		select count(*)
		from Likes
		where `board_id`=#{id} and `user_id`=#{userId}
	</select>
	
	<!-- 좋아요 정보 업데이트 -->
	<update id="updateLikes" parameterType="int">
		update Board
		set likes = likes + 1
	</update>
</mapper>