<?xml version="1.0" encoding="UTF-8"?>
<!DOCTYPE mapper PUBLIC "-//mybatis.org//DTD Mapper 3.0//EN" 
	"http://mybatis.org/dtd/mybatis-3-mapper.dtd">

<mapper namespace="com.ssafy.enjoytrip.general.model.mapper.CommentMapper">
	<resultMap type="commentDto" id="comment">
		<result column="id" property="id"/>
        <result column="nickname" property="nickname"/>
		<result column="board_id" property="boardId"/>
		<result column="user_id" property="userId"/>
		<result column="content" property="content"/>
		<result column="register_time" property="registerTime"/>
	</resultMap>
	
	<!-- 댓글 작성 -->
	<insert id="writeComment" parameterType="commentDto">
		insert into Comment (`board_id`, `user_id`, `content`)
		values(#{boardId}, #{userId}, #{content})
	</insert>
	
	<!-- 댓글 출력 -->
	<select id="listComment" resultMap="comment">
		select `id`, c.user_id user_id, `nickname`, `board_id`, `content`, c.register_time register_time
		from Comment c join `user` u on c.user_id = u.user_id
		where `board_id` = #{boardId}
	</select>
	
	<!-- 댓글 수정 -->
	<update id="updateComment" parameterType="commentDto">
		update Comment
		set `content`=#{content}
	</update>
	
	<!-- 댓글 삭제 -->
	<delete id="deleteComment" parameterType="commentDto">
		delete from Comment
		where `id`=#{id}
	</delete>
</mapper>