<?xml version="1.0" encoding="UTF-8"?>
<!DOCTYPE mapper PUBLIC "-//mybatis.org//DTD Mapper 3.0//EN" 
	"http://mybatis.org/dtd/mybatis-3-mapper.dtd">

<mapper namespace="com.ssafy.enjoytrip.general.model.mapper.QnAMapper">
	<resultMap type="qnaDto" id="qna">
		<result column="id" property="id"/>
		<result column="user_id" property="userId"/>
        <result column="nickname" property="nickname"/>
		<result column="subject" property="subject"/>
		<result column="content" property="content"/>
		<result column="register_time" property="registerTime"/>
		<result column="answer" property="answer"/>
		<result column="answer_time" property="answerTime"/>
	</resultMap>
	
	<!-- 게시글 작성 -->
	<insert id="writeArticle" parameterType="qnaDto">
		insert into QnA (`user_id`, `subject`, `content`)
		values(#{userId}, #{subject}, #{content})
	</insert>
	
	<!-- 게시글 전체 조회 -->
	<select id="listArticle" parameterType="string" resultMap="qna">
		select `id`, `nickname`, `subject`, q.register_time register_time, `content`, `answer`
		from QnA q join `user` u on q.user_id = u.user_id
		<if test="word != null and word != ''">
			where ${key} like concat('%', #{word}, '%')
		</if>
		order by `id` desc
	</select>
	
	<!-- 게시글 조회  -->
	<select id="getArticle" resultMap="qna">
		select `id`, `u.user_id` user_id, `nickname`, `subject`, `content`, `hit`, `likes`, `q.register_time` register_time, answer, answer_time 
		from QnA q join `user` u on q.user_id = u.user_id
		where `id`=#{id}
	</select>
	
	<!-- 게시글 수정 -->
	<update id="modifyArticle" parameterType="qnaDto">
		update QnA
		set `subject`=#{subject}, `content`=#{content}
		where `id`=#{id} and `user_id`=#{userId}
	</update>

	<!-- 답변 작성 -->
	<update id="writeAnswer" parameterType="qnaDto">
		update QnA
		set `answer`=#{answer}, `answer_time`=now()
		where `id`=#{id}
	</update>
	
	<!-- 게시글 삭제 -->
	<delete id="deleteArticle" parameterType="int">
		delete from QnA
		where id=#{id}
	</delete>
	
	<select id="getBannedWordList" resultType="string">
		select word
		from banned
	</select>
</mapper>